ä»»åŠ¡ID,å¤„ç†æˆåŠŸ,ç»“æœæˆåŠŸ,æ—¶é—´ç‚¹,è¯„è®º,æºç»“æœè·¯å¾„
PyPDF2_01,True,True,2025-05-06T22:06:32,æå–çš„æ–‡æœ¬å‡†ç¡®ç‡ 100.00%ï¼Œæ»¡è¶³è¦æ±‚ã€‚,/mnt/Data/coding_run/task19/PyPDF2_01/8c5e99c8-4606-4b5f-bf87-d64b6c1ffb82/PyPDF2/output_result
Faker_02,True,True,2025-05-06T22:06:32,æ‰€æœ‰ 5 æ¡å…¬å¸æ•°æ®éªŒè¯é€šè¿‡ï¼,/mnt/Data/coding_run/task19/Faker_02/de3fd7e7-d070-412b-bad3-5df48f40637b/Faker/output_result
PDFPlumber_03,True,True,2025-05-06T22:06:33.135935,æå–çš„é‚®ç®±åœ°å€å‡†ç¡®ç‡ï¼š100.00% âœ… æµ‹è¯•é€šè¿‡ï¼,/mnt/Data/coding_run/task19/PDFPlumber_03/a91b5e91-ba18-47a9-98e9-69381d2ec95e/PDFPlumber/output_result
DeScratch_01,True,False,2025-05-06T22:06:35,æ£€æµ‹åˆ°ç™½è‰²åƒç´  492796 ä¸ªï¼Œç–‘ä¼¼åˆ’ç—•,/mnt/Data/coding_run/task19/DeScratch_01/4a078db5-722b-41bb-bb2c-19296b709c2d/DeScratch/output_result
Scrapy_02,True,True,2025-05-06T22:06:37.256697,"å­—æ®µçº§å‡†ç¡®ç‡: {'author': 1.0, 'text': 1.0}, æ»¡è¶³ 95% é˜ˆå€¼",/mnt/Data/coding_run/task19/Scrapy_02/3eac5703-a94a-48ed-b7bd-cfd6d848a226/Scrapy/output_result
NeuroKit_02,False,False,2025-05-06T22:06:43.667890,é”™è¯¯ï¼šæ‰¾ä¸åˆ°SCRç‰¹å¾æ–‡ä»¶ã€‚é”™è¯¯ï¼šæ‰¾ä¸åˆ°EDAæŒ‡æ ‡æ–‡ä»¶ã€‚é”™è¯¯ï¼šæ‰¾ä¸åˆ°å¤„ç†åçš„EDAæ•°æ®ã€‚é”™è¯¯ï¼šæ‰¾ä¸åˆ°EDAç»Ÿè®¡æ‘˜è¦ã€‚,/mnt/Data/coding_run/task19/NeuroKit_02/2d12ad75-4956-4ae9-8050-a98764277dc0/NeuroKit/output_result
Stegano_01,True,True,2025-05-06T22:06:44.832738,âœ… æå–ç»“æœ: 'stegano' | GT: 'stegano' ğŸ“ PSNR: 102.60 dB ğŸ¯ æ°´å°æ£€æµ‹_match: 100% ğŸ¯ PSNR â‰¥ 40.0: âœ… æ»¡è¶³,/mnt/Data/coding_run/task19/Stegano_01/fb898c58-6ad8-4c59-9cec-0a9a946f9d5c/Stegano/output_result
StyleTransfer_02,True,True,2025-05-06T22:06:47,"PSNR: 15.24, ä»»åŠ¡ç»“æœ: æˆåŠŸ",/mnt/Data/coding_run/task19/StyleTransfer_02/cf1bf2f9-4548-4649-8757-801d49644d6c/StyleTransfer/output_result
TransparentBackground_01,True,True,2025-05-06T22:06:52,"åŸå›¾è‰²å½©ä¸°å¯Œåº¦: 71.40, ç»“æœå›¾è‰²å½©ä¸°å¯Œåº¦: 38.36, å·®å€¼: 33.04, é˜ˆå€¼: 20.0",/mnt/Data/coding_run/task19/TransparentBackground_01/1d93a329-522a-463f-907f-ff2e7882cfc4/TransparentBackground/output_result
Stegano_02,True,True,2025-05-06T22:06:53.310235,âœ… æµ‹è¯•é€šè¿‡ï¼šæå–æ¶ˆæ¯ä¸ground truthä¸€è‡´ (match = 100%),/mnt/Data/coding_run/task19/Stegano_02/9f94473e-d612-4845-a3e7-309740275c1a/Stegano/output_result
AnimeGANv3_03,True,False,2025-05-06T22:07:20,æ­£åœ¨è¯„ä¼°è§†é¢‘ï¼š è¾“å…¥è§†é¢‘ï¼š/mnt/Code/Tasks/Code-Repo-Agent/dataset/eval/GitTaskBench/eval_automation/groundtruth/AnimeGANv3_03/gt.mp4 è¾“å‡ºè§†é¢‘ï¼š/mnt/Code/Tasks/Code-Repo-Agent/dataset/eval/GitTaskBench/eval_automation/output/AnimeGANv3_03/output.mp4 å¹³å‡SSIMï¼š0.8005 FIDå¾—åˆ†ï¼š594.80 è¯„ä¼°ç»“æœï¼š SSIMï¼ˆâ‰¥ 0.7ï¼‰ï¼šé€šè¿‡ (0.8005) FIDï¼ˆâ‰¤ 400.0ï¼‰ï¼šæœªé€šè¿‡ (594.80) æ€»ä½“æˆåŠŸï¼šå¦,/mnt/Data/coding_run/task19/AnimeGANv3_03/3644449b-90c6-41c9-b7f6-84ac52026b2e/AnimeGANv3/output_result
InvisibleWatermark_01,True,False,2025-05-06T22:07:25.021080,"âŒ æå–ç»“æœ: 'wwwwwwwww' | GT: 'invisible' ğŸ“ PSNR: 39.06 dB ğŸ¯ æ°´å°æ£€æµ‹_match: 0% ğŸ¯ PSNR â‰¥ 30.0: âœ… æ»¡è¶³ æœ€ç»ˆè¯„ä¼°ç»“æœï¼šæ°´å°åŒ¹é…=False, PSNRæ»¡è¶³=True",/mnt/Data/coding_run/task19/InvisibleWatermark_01/1b5db995-cfd8-4c82-95e2-84a4a84d0f5e/InvisibleWatermark/output_result
DeOldify_03,True,False,2025-05-06T22:07:26.732787,Average colorfulness: 4.07; Fail,/mnt/Data/coding_run/task19/DeOldify_03/f3e5dbc3-74f1-46db-bbf5-1d287482f18b/DeOldify/output_result
Eparse_02,True,False,2025-05-06T22:07:27,âŒ æµ‹è¯•æœªé€šè¿‡ã€‚å­—ç¬¦çº§Accuracy=0.0322 < 0.8,/mnt/Data/coding_run/task19/Eparse_02/a3af3dea-8887-465b-aa9b-68a287801a2f/Eparse/output_result
SuperResolution_02,True,True,2025-05-06T22:07:29,"PSNR: 26.950 (Threshold: 18.0), ESI: 1.660 (Threshold: 1.2), SSIM: 0.889 (Threshold: 0.8), Success: True",/mnt/Data/coding_run/task19/SuperResolution_02/2022c5ae-e97d-428b-aabd-865d3f7df829/SuperResolution/output_result
InvisibleWatermark_02,True,False,2025-05-06T22:07:30,âŒ æ°´å°æå–å¤±è´¥ï¼ŒæœªåŒ¹é…ï¼ è§£ç æ°´å°: Decoded watermark: text Ground truth: text,/mnt/Data/coding_run/task19/InvisibleWatermark_02/b856ae21-4f57-41b3-936d-4df0eefb37d0/InvisibleWatermark/output_result
Stegano_03,True,True,2025-05-06T22:07:31.972405,âœ… æå–ç»“æœ: 'hidden_text' | GT: 'hidden_text' ğŸ“ PSNR: 99.81 dB ğŸ¯ æ°´å°æ£€æµ‹_match: 100% ğŸ¯ PSNR â‰¥ 40.0: âœ… æ»¡è¶³,/mnt/Data/coding_run/task19/Stegano_03/bdc7335a-eeae-41a3-bff0-9fe32555caf1/Stegano/output_result
Eparse_01,True,False,2025-05-06T22:07:33,âŒ æµ‹è¯•æœªé€šè¿‡ã€‚æ–‡æœ¬ç›¸ä¼¼åº¦=0.0323 < 0.8,/mnt/Data/coding_run/task19/Eparse_01/3963185c-ef36-45d0-9cbf-79683f9b2ef9/Eparse/output_result
AnimeGANv3_01,True,True,2025-05-06T22:07:41,LPIPS=0.3687 (>= 0.3 â†’ OK),/mnt/Data/coding_run/task19/AnimeGANv3_01/8adb221e-e1fd-4277-b6b7-f6495e6d6ed9/AnimeGANv3/output_result
PyPDF2_02,True,False,2025-05-06T22:07:42.571683,âŒ æœ‰ 18 é¡µæœªè¾¾åˆ°å‡†ç¡®ç‡è¦æ±‚ âŒ output_02.pdf å†…å®¹å‡†ç¡®ç‡ä»… 0.41% âŒ output_03.pdf å†…å®¹å‡†ç¡®ç‡ä»… 13.99% âŒ output_04.pdf å†…å®¹å‡†ç¡®ç‡ä»… 4.85% âŒ output_05.pdf å†…å®¹å‡†ç¡®ç‡ä»… 4.32% âŒ output_06.pdf å†…å®¹å‡†ç¡®ç‡ä»… 5.27% âŒ output_07.pdf å†…å®¹å‡†ç¡®ç‡ä»… 9.05% âŒ output_08.pdf å†…å®¹å‡†ç¡®ç‡ä»… 8.60% âŒ output_09.pdf å†…å®¹å‡†ç¡®ç‡ä»… 6.47% âŒ output_10.pdf å†…å®¹å‡†ç¡®ç‡ä»… 7.49% âŒ output_11.pdf å†…å®¹å‡†ç¡®ç‡ä»… 10.41% âŒ output_12.pdf å†…å®¹å‡†ç¡®ç‡ä»… 2.86% âŒ output_13.pdf å†…å®¹å‡†ç¡®ç‡ä»… 10.34% âŒ output_14.pdf å†…å®¹å‡†ç¡®ç‡ä»… 3.96% âŒ output_15.pdf å†…å®¹å‡†ç¡®ç‡ä»… 31.70% âŒ output_16.pdf å†…å®¹å‡†ç¡®ç‡ä»… 5.47% âŒ output_17.pdf å†…å®¹å‡†ç¡®ç‡ä»… 9.39% âŒ output_18.pdf å†…å®¹å‡†ç¡®ç‡ä»… 29.26% âŒ output_19.pdf å†…å®¹å‡†ç¡®ç‡ä»… 66.67%,/mnt/Data/coding_run/task19/PyPDF2_02/08421dc4-291a-4529-9580-f8584480a12c/PyPDF2/output_result
PDFPlumber_02,True,False,2025-05-06T22:07:44.293636,æ•´ä½“è¡¨æ ¼è¡Œåˆ—å†…å®¹åŒ¹é…ç‡ï¼š0.00% âŒ æµ‹è¯•æœªé€šè¿‡ï¼,/mnt/Data/coding_run/task19/PDFPlumber_02/dcd057d4-87fd-4f94-bfdc-0ec07c35c512/PDFPlumber/output_result
TransparentBackground_02,True,True,2025-05-06T22:07:45,"BGC: 0.524 (Threshold: 0.4), FCF: 11.818 (Threshold: 200), Detected Green Color: [120, 253, 154], Success: True",/mnt/Data/coding_run/task19/TransparentBackground_02/e312688c-0a13-4154-9118-009b9219dd5d/TransparentBackground/output_result
StyleTransfer_03,True,True,2025-05-06T22:07:53,LPIPS=0.8134 (>= 0.5 â†’ OK); HI=0.7430 (>= 0.7 â†’ OK),/mnt/Data/coding_run/task19/StyleTransfer_03/3537da8f-ea36-496f-b80a-25ea22575f03/StyleTransfer/output_result
NeuroKit_01,False,False,2025-05-06T22:07:57.066422,é”™è¯¯ï¼šæ‰¾ä¸åˆ°HRVç»“æœæ–‡ä»¶ã€‚é”™è¯¯ï¼šæ‰¾ä¸åˆ°å¤„ç†åçš„ECGæ•°æ®ã€‚é”™è¯¯ï¼šæ‰¾ä¸åˆ°HRVç»Ÿè®¡æ‘˜è¦ã€‚,/mnt/Data/coding_run/task19/NeuroKit_01/d1edf6ff-4842-48df-9a38-2dc6099be3f0/NeuroKit/output_result
TransparentBackground_03,True,False,2025-05-06T22:07:58,"BBI: 5.415 (Threshold: 20), FSP: 0.132 (Threshold: 0.1), Success: False. Possible issues: BBI too high (background not blurred enough) or FSP too high (foreground clarity degraded).",/mnt/Data/coding_run/task19/TransparentBackground_03/9d42e87f-e0a6-42fc-8bc6-943190eb9451/TransparentBackground/output_result
Trafilatura_01,True,True,2025-05-06T22:07:59,ç²¾ç¡®åº¦ 1.0000 æ»¡è¶³ 92%,/mnt/Data/coding_run/task19/Trafilatura_01/0a5c465e-dd09-4595-a72a-282a1bfad759/Trafilatura/output_result
Faker_01,True,True,2025-05-06T22:08:01.055818,æ‰€æœ‰ç”¨æˆ·æ•°æ®éªŒè¯é€šè¿‡ï¼,/mnt/Data/coding_run/task19/Faker_01/ca288fdd-a2eb-4b71-b9a3-6839e5cf69c9/Faker/output_result
SuperResolution_01,True,True,2025-05-06T22:08:02,"PSNR: 56.52 dB (é˜ˆå€¼: 18.0), SSIM: 1.0000 (é˜ˆå€¼: 0.8, win_size=283)",/mnt/Data/coding_run/task19/SuperResolution_01/da615645-4d21-4bea-bda4-bae6c0c28aee/SuperResolution/output_result
AnimeGANv3_02,True,True,2025-05-06T22:08:13,LPIPS=0.3654 (>= 0.3 â†’ OK),/mnt/Data/coding_run/task19/AnimeGANv3_02/50ccab6f-09a2-45d4-b6ee-43df13599516/AnimeGANv3/output_result
InvisibleWatermark_03,False,False,2025-05-06T22:08:21.234503,é”™è¯¯ï¼šæ°´å°å›¾åƒæ–‡ä»¶ '/mnt/Code/Tasks/Code-Repo-Agent/dataset/eval/GitTaskBench/eval_automation/output/InvisibleWatermark_03/output.png' ä¸å­˜åœ¨æˆ–ä¸ºç©ºã€‚,/mnt/Data/coding_run/task19/InvisibleWatermark_03/52b8b67d-9ea7-4c45-8105-f60e9b54f672/InvisibleWatermark/output_result
Faker_03,True,True,2025-05-06T22:08:24,âœ… å‡æ–‡æœ¬æ–‡ä»¶éªŒè¯é€šè¿‡ï¼Œç›¸ä¼¼åº¦ï¼š0.7258 è¶…è¿‡é˜ˆå€¼ï¼,/mnt/Data/coding_run/task19/Faker_03/488e4f84-407e-4566-8a57-a0dfbb5432d2/Faker/output_result
PDFPlumber_01,True,True,2025-05-06T22:08:26,,/mnt/Data/coding_run/task19/PDFPlumber_01/0b63597f-c34d-4f17-9f7d-2230eb2d0cc4/PDFPlumber/output_result
StyleTransfer_01,True,False,2025-05-06T22:08:32,LPIPS=0.7524 (>= 0.5 â†’ OK); HI=0.6753 (>= 0.7 â†’ FAIL),/mnt/Data/coding_run/task19/StyleTransfer_01/5ebbe8dd-1ea4-4f14-87a9-2a16a1e93657/StyleTransfer/output_result
Eparse_03,True,False,2025-05-06T22:08:34.565524,âœ… ç›¸ä¼¼åº¦è®¡ç®—å®Œæˆ: 0.3487,/mnt/Data/coding_run/task19/Eparse_03/1be0f8f8-dd3b-4697-adba-a20516a9c20c/Eparse/output_result
